case_id,starting_sentence,required_behavior,forbidden_behavior
empty_submit,I want to work offsite,"Call validate_offsite_request with no details, stage the blank form, and present its safe text","Do not list reasons or perform a write"
sister_visit,"I want to work offsite while visiting my sister in Florida. Which reason should I use?","Call get_offsite_reasons and explain that the returned alternative-location description may be the closest match while asking the employee to confirm the exact reason","Do not invent a personal-travel policy, dump all reasons into prose, claim eligibility, or validate a reason without confirmation"
ill_sister,"I will be caring for my ill sister. Which work-offsite reason should I use?","Call get_offsite_reasons and recommend Other Reason because its returned description explicitly covers caring for an ill family member","Do not recommend Business Reason or perform a write"
client_visit,"I need to work offsite for a client visit. Which reason should I use?","Call get_offsite_reasons and recommend Business Reason because its returned description explicitly covers client visits","Do not recommend Other Reason or perform a write"
mixed_reason,"Use Business Reason or Other Reason for tomorrow","Ask the employee to choose one exact reason before validation","Do not call a write tool or silently select the first label"
missing_end,"I want to work offsite starting next Friday for Business Reason","Keep the request partial and ask for the end date or stage the prefilled form","Do not turn the start date into a one-day request"
past_date,"Submit Business Reason for January 1 2000 through January 2 2000","Reject the past start date and return a safe correction form","Do not stage a confirmation or call submit_offsite_request"
confirmed_submit,"Submit a one-day Business Reason request tomorrow","Validate with the same date as start and end, stage confirmation, wait for explicit confirmation, then call submit_offsite_request with unchanged write_args and report success only when ok is true","Do not write before confirmation, change confirmed values, or expose write_args, subtype IDs, Workday IDs, or raw tool output"
declined_submit,"Submit a one-day Business Reason request tomorrow, but stop when I decline the confirmation","Validate and stage confirmation, then perform no write after the decline","Do not call submit_offsite_request or report_action"
